id,profile_picture,username,full_name
353107402,https://scontent.cdninstagram.com/t51.2885-19/s150x150/23101425_719967351527420_5073908259929194496_n.jpg,irnakhair,Irna Khairunnisa
387046541,https://scontent.cdninstagram.com/t51.2885-19/s150x150/25015418_917141948460033_2150220426930814976_n.jpg,reersti,Renette Ersti
338193833,https://scontent.cdninstagram.com/t51.2885-19/s150x150/21435878_1997584080521781_3540392403095519232_a.jpg,sriwidiii,
542133521,https://scontent.cdninstagram.com/t51.2885-19/s150x150/22580097_529822384032019_312731317739454464_n.jpg,enggywm,enggy wantri marsela
1400446216,https://scontent.cdninstagram.com/t51.2885-19/s150x150/22708803_138095386823917_6709356081677598720_n.jpg,ziamaulidinasp,Zia Maulidina
3287609004,https://scontent.cdninstagram.com/t51.2885-19/s150x150/21909386_152886628631732_1497226153436381184_n.jpg,mrfrizkifauzi,M Rizki Fauzi
2933929096,https://scontent.cdninstagram.com/t51.2885-19/s150x150/15056758_104032333415644_3164550479426355200_a.jpg,ayudityapr,Annisa Yuditya Pratiwi
1503944959,https://scontent.cdninstagram.com/t51.2885-19/s150x150/24274243_130691527611571_103933617243160576_n.jpg,muuunss,S Munawaroh Harahap
1906008014,https://scontent.cdninstagram.com/t51.2885-19/s150x150/25018310_197270084163519_230747448690081792_n.jpg,nonop_hdt28,Nonop ( ノヴィちゃん)
1446009421,https://scontent.cdninstagram.com/t51.2885-19/s150x150/11939679_520349971465647_2106802284_a.jpg,faizsatriasyukri,Faiz Satria Syukri
548699516,https://scontent.cdninstagram.com/t51.2885-19/s150x150/20347519_1376734845755045_2074809069025099776_a.jpg,rossaliaoca,Rosalia
232351971,https://scontent.cdninstagram.com/t51.2885-19/s150x150/19933363_158457468032443_5758769747650936832_a.jpg,aditnauyan,Marditya Nauyan
1045757603,https://scontent.cdninstagram.com/t51.2885-19/s150x150/22710728_2029941993891961_1447858575270477824_n.jpg,sofyanqusyairi,Sofyan Qusyairi
284237698,https://scontent.cdninstagram.com/t51.2885-19/s150x150/20394151_278741442605808_6009500867420487680_a.jpg,iqbalmuhyiddin,Muhammad Iqbal Muhyiddin
378273971,https://scontent.cdninstagram.com/t51.2885-19/s150x150/22860422_246709149189501_5187614332225060864_n.jpg,nicmarianes,Monica
1988823422,https://scontent.cdninstagram.com/t51.2885-19/s150x150/16463972_188434791638058_7672758026884874240_a.jpg,k.sadrina,Khaira Sadrina Indah
1228224896,https://scontent.cdninstagram.com/t51.2885-19/s150x150/23969684_1898391180201650_626138732050776064_n.jpg,rachmawatirachma12,Rach..
491257394,https://scontent.cdninstagram.com/t51.2885-19/s150x150/22860370_386569198428807_5999513861571477504_n.jpg,raishadevis,Raisha Devi Sabtiana
1834976861,https://scontent.cdninstagram.com/t51.2885-19/s150x150/24274333_2100549956844551_4606801528215306240_n.jpg,indrianiii7,Dwi Indriani
1661632235,https://scontent.cdninstagram.com/t51.2885-19/s150x150/25009690_390868624687654_2078044167241465856_n.jpg,zackhalida,Zahra Yahya (라라)
5603314322,https://scontent.cdninstagram.com/t51.2885-19/s150x150/19120815_352435128505693_6192539518738890752_a.jpg,muhammad_dzul_fadhli,Muhammad Dzul Fadhli
4273473929,https://scontent.cdninstagram.com/t51.2885-19/s150x150/15538118_1836754299938771_5614011942273286144_a.jpg,nawirmulyani,Mulyani Nawir
309260356,https://scontent.cdninstagram.com/t51.2885-19/s150x150/15337115_1217290861683455_5760078664704196608_a.jpg,titoyudistiro,Tito Yudistiro
